{
  "episode_id": 71,
  "trajectory_id": 254,
  "scene_id": "mp3d/2azQ1b91cZZ/2azQ1b91cZZ.glb",
  "start_position": [
    -7.24875020980835,
    0.12711000442504883,
    4.79511022567749
  ],
  "start_rotation": [
    -0.0,
    0.7071067811865476,
    -0.0,
    -0.7071067811865475
  ],
  "info": {
    "geodesic_distance": 15.644170761108398
  },
  "goals": [
    {
      "position": [
        4.643919944763184,
        0.12711000442504883,
        6.875820159912109
      ],
      "radius": 3.0
    }
  ],
  "instruction": {
    "instruction_text": "Walk to the right of the coutch and through the doors to the tan couch  Pass through the dining room and wait outside. ",
    "instruction_tokens": [
      2584,
      2438,
      2389,
      1968,
      1605,
      2389,
      609,
      119,
      2418,
      2389,
      762,
      2438,
      2389,
      2360,
      593,
      1721,
      2418,
      2389,
      711,
      1994,
      119,
      2579,
      1665,
      15
    ]
  },
  "reference_path": [
    [
      -7.24875020980835,
      0.12711000442504883,
      4.79511022567749
    ],
    [
      -6.13431978225708,
      0.1649501770734787,
      3.4969398975372314
    ],
    [
      -5.339210033416748,
      0.12711000442504883,
      2.2049601078033447
    ],
    [
      -3.0203499794006348,
      0.12711000442504883,
      0.9954800009727478
    ],
    [
      -1.437940001487732,
      0.12711000442504883,
      2.839169979095459
    ],
    [
      0.7217940092086792,
      0.12711000442504883,
      5.7094597816467285
    ],
    [
      4.643919944763184,
      0.12711000442504883,
      6.875820159912109
    ]
  ]
}